ID,Nombre,SKU,Precio Regular,Precio de Oferta,Stock,Estado,Categorías,Etiquetas
287,DANVOUY Womens T Shirt Casual Cotton Short,FAKE-20,12.99,,,publish,Sin categorizar,
285,Opna Women's Short Sleeve Moisture,FAKE-19,7.95,,,publish,Sin categorizar,
283,MBJ Women's Solid Short Sleeve Boat Neck V,FAKE-18,9.85,,,publish,Sin categorizar,
281,Rain Jacket Women Windbreaker Striped Climbing Raincoats,FAKE-17,39.99,,,publish,Sin categorizar,
279,Lock and Love Women's Removable Hooded Faux Leather Moto Biker Jacket,FAKE-16,29.95,,,publish,Sin categorizar,
277,BIYLACLESEN Women's 3-in-1 Snowboard Jacket Winter Coats,FAKE-15,56.99,,,publish,Sin categorizar,
275,Samsung 49-Inch CHG90 144Hz Curved Gaming Monitor (LC49HG90DMNXZA) – Super Ultrawide Screen QLED,FAKE-14,999.99,,,publish,Sin categorizar,
273,Acer SB220Q bi 21.5 inches Full HD (1920 x 1080) IPS Ultra-Thin,FAKE-13,599,,,publish,Sin categorizar,
271,WD 4TB Gaming Drive Works with Playstation 4 Portable External Hard Drive,FAKE-12,114,,,publish,Sin categorizar,
269,Silicon Power 256GB SSD 3D NAND A55 SLC Cache Performance Boost SATA III 2.5,FAKE-11,109,,,publish,Sin categorizar,
267,SanDisk SSD PLUS 1TB Internal SSD - SATA III 6 Gb/s,FAKE-10,109,,,publish,Sin categorizar,
265,WD 2TB Elements Portable External Hard Drive - USB 3.0,FAKE-9,64,,,publish,Sin categorizar,
263,Pierced Owl Rose Gold Plated Stainless Steel Double,FAKE-8,10.99,,,publish,Sin categorizar,
261,White Gold Plated Princess,FAKE-7,9.99,,,publish,Sin categorizar,
259,Solid Gold Petite Micropave,FAKE-6,168,,,publish,Sin categorizar,
257,John Hardy Women's Legends Naga Gold &amp; Silver Dragon Station Chain Bracelet,FAKE-5,695,,,publish,Sin categorizar,
255,Mens Casual Slim Fit,FAKE-4,15.99,,,publish,Sin categorizar,
253,Mens Cotton Jacket,FAKE-3,55.99,,,publish,Sin categorizar,
251,Mens Casual Premium Slim Fit T-Shirts,FAKE-2,22.3,,,publish,Sin categorizar,
249,"Fjallraven - Foldsack No. 1 Backpack, Fits 15 Laptops",FAKE-1,109.95,,,publish,Sin categorizar,
